--
-- PostgreSQL database cluster dump
--

SET default_transaction_read_only = off;

SET client_encoding = 'UTF8';
SET standard_conforming_strings = on;


--
-- User Configurations
--








--
-- Databases
--

--
-- Database "template1" dump
--

--
-- PostgreSQL database dump
--

-- Dumped from database version 15.2 (Debian 15.2-1.pgdg110+1)
-- Dumped by pg_dump version 15.2 (Debian 15.2-1.pgdg110+1)

SET statement_timeout = 0;
SET lock_timeout = 0;
SET idle_in_transaction_session_timeout = 0;
SET client_encoding = 'UTF8';
SET standard_conforming_strings = on;
SELECT pg_catalog.set_config('search_path', '', false);
SET check_function_bodies = false;
SET xmloption = content;
SET client_min_messages = warning;
SET row_security = off;

UPDATE pg_catalog.pg_database SET datistemplate = false WHERE datname = 'template1';
DROP DATABASE IF EXISTS template1;
--
-- Name: template1; Type: DATABASE; Schema: -; Owner: postgres
--

CREATE DATABASE template1 WITH TEMPLATE = template0 ENCODING = 'UTF8' LOCALE_PROVIDER = libc LOCALE = 'en_US.utf8';


ALTER DATABASE template1 OWNER TO postgres;

\connect template1

SET statement_timeout = 0;
SET lock_timeout = 0;
SET idle_in_transaction_session_timeout = 0;
SET client_encoding = 'UTF8';
SET standard_conforming_strings = on;
SELECT pg_catalog.set_config('search_path', '', false);
SET check_function_bodies = false;
SET xmloption = content;
SET client_min_messages = warning;
SET row_security = off;

--
-- Name: DATABASE template1; Type: COMMENT; Schema: -; Owner: postgres
--

COMMENT ON DATABASE template1 IS 'default template for new databases';


--
-- Name: template1; Type: DATABASE PROPERTIES; Schema: -; Owner: postgres
--

ALTER DATABASE template1 IS_TEMPLATE = true;


\connect template1

SET statement_timeout = 0;
SET lock_timeout = 0;
SET idle_in_transaction_session_timeout = 0;
SET client_encoding = 'UTF8';
SET standard_conforming_strings = on;
SELECT pg_catalog.set_config('search_path', '', false);
SET check_function_bodies = false;
SET xmloption = content;
SET client_min_messages = warning;
SET row_security = off;

--
-- Name: DATABASE template1; Type: ACL; Schema: -; Owner: postgres
--

REVOKE CONNECT,TEMPORARY ON DATABASE template1 FROM PUBLIC;
GRANT CONNECT ON DATABASE template1 TO PUBLIC;


--
-- PostgreSQL database dump complete
--

--
-- PostgreSQL database dump
--

-- Dumped from database version 15.2 (Debian 15.2-1.pgdg110+1)
-- Dumped by pg_dump version 15.2 (Debian 15.2-1.pgdg110+1)

SET statement_timeout = 0;
SET lock_timeout = 0;
SET idle_in_transaction_session_timeout = 0;
SET client_encoding = 'UTF8';
SET standard_conforming_strings = on;
SELECT pg_catalog.set_config('search_path', '', false);
SET check_function_bodies = false;
SET xmloption = content;
SET client_min_messages = warning;
SET row_security = off;

--
-- Name: group-14-db; Type: DATABASE; Schema: -; Owner: postgres
--


\connect -reuse-previous=on "dbname='group-14-db'"

SET statement_timeout = 0;
SET lock_timeout = 0;
SET idle_in_transaction_session_timeout = 0;
SET client_encoding = 'UTF8';
SET standard_conforming_strings = on;
SELECT pg_catalog.set_config('search_path', '', false);
SET check_function_bodies = false;
SET xmloption = content;
SET client_min_messages = warning;
SET row_security = off;

SET default_tablespace = '';

SET default_table_access_method = heap;

--
-- Name: auth_group; Type: TABLE; Schema: public; Owner: postgres
--

CREATE TABLE public.auth_group (
    id integer NOT NULL,
    name character varying(150) NOT NULL
);


ALTER TABLE public.auth_group OWNER TO postgres;

--
-- Name: auth_group_id_seq; Type: SEQUENCE; Schema: public; Owner: postgres
--

ALTER TABLE public.auth_group ALTER COLUMN id ADD GENERATED BY DEFAULT AS IDENTITY (
    SEQUENCE NAME public.auth_group_id_seq
    START WITH 1
    INCREMENT BY 1
    NO MINVALUE
    NO MAXVALUE
    CACHE 1
);


--
-- Name: auth_group_permissions; Type: TABLE; Schema: public; Owner: postgres
--

CREATE TABLE public.auth_group_permissions (
    id bigint NOT NULL,
    group_id integer NOT NULL,
    permission_id integer NOT NULL
);


ALTER TABLE public.auth_group_permissions OWNER TO postgres;

--
-- Name: auth_group_permissions_id_seq; Type: SEQUENCE; Schema: public; Owner: postgres
--

ALTER TABLE public.auth_group_permissions ALTER COLUMN id ADD GENERATED BY DEFAULT AS IDENTITY (
    SEQUENCE NAME public.auth_group_permissions_id_seq
    START WITH 1
    INCREMENT BY 1
    NO MINVALUE
    NO MAXVALUE
    CACHE 1
);


--
-- Name: auth_permission; Type: TABLE; Schema: public; Owner: postgres
--

CREATE TABLE public.auth_permission (
    id integer NOT NULL,
    name character varying(255) NOT NULL,
    content_type_id integer NOT NULL,
    codename character varying(100) NOT NULL
);


ALTER TABLE public.auth_permission OWNER TO postgres;

--
-- Name: auth_permission_id_seq; Type: SEQUENCE; Schema: public; Owner: postgres
--

ALTER TABLE public.auth_permission ALTER COLUMN id ADD GENERATED BY DEFAULT AS IDENTITY (
    SEQUENCE NAME public.auth_permission_id_seq
    START WITH 1
    INCREMENT BY 1
    NO MINVALUE
    NO MAXVALUE
    CACHE 1
);


--
-- Name: auth_user; Type: TABLE; Schema: public; Owner: postgres
--

CREATE TABLE public.auth_user (
    id integer NOT NULL,
    password character varying(128) NOT NULL,
    last_login timestamp with time zone,
    is_superuser boolean NOT NULL,
    username character varying(150) NOT NULL,
    first_name character varying(150) NOT NULL,
    last_name character varying(150) NOT NULL,
    email character varying(254) NOT NULL,
    is_staff boolean NOT NULL,
    is_active boolean NOT NULL,
    date_joined timestamp with time zone NOT NULL
);


ALTER TABLE public.auth_user OWNER TO postgres;

--
-- Name: auth_user_groups; Type: TABLE; Schema: public; Owner: postgres
--

CREATE TABLE public.auth_user_groups (
    id bigint NOT NULL,
    user_id integer NOT NULL,
    group_id integer NOT NULL
);


ALTER TABLE public.auth_user_groups OWNER TO postgres;

--
-- Name: auth_user_groups_id_seq; Type: SEQUENCE; Schema: public; Owner: postgres
--

ALTER TABLE public.auth_user_groups ALTER COLUMN id ADD GENERATED BY DEFAULT AS IDENTITY (
    SEQUENCE NAME public.auth_user_groups_id_seq
    START WITH 1
    INCREMENT BY 1
    NO MINVALUE
    NO MAXVALUE
    CACHE 1
);


--
-- Name: auth_user_id_seq; Type: SEQUENCE; Schema: public; Owner: postgres
--

ALTER TABLE public.auth_user ALTER COLUMN id ADD GENERATED BY DEFAULT AS IDENTITY (
    SEQUENCE NAME public.auth_user_id_seq
    START WITH 1
    INCREMENT BY 1
    NO MINVALUE
    NO MAXVALUE
    CACHE 1
);


--
-- Name: auth_user_user_permissions; Type: TABLE; Schema: public; Owner: postgres
--

CREATE TABLE public.auth_user_user_permissions (
    id bigint NOT NULL,
    user_id integer NOT NULL,
    permission_id integer NOT NULL
);


ALTER TABLE public.auth_user_user_permissions OWNER TO postgres;

--
-- Name: auth_user_user_permissions_id_seq; Type: SEQUENCE; Schema: public; Owner: postgres
--

ALTER TABLE public.auth_user_user_permissions ALTER COLUMN id ADD GENERATED BY DEFAULT AS IDENTITY (
    SEQUENCE NAME public.auth_user_user_permissions_id_seq
    START WITH 1
    INCREMENT BY 1
    NO MINVALUE
    NO MAXVALUE
    CACHE 1
);


--
-- Name: cinemaManager_booking; Type: TABLE; Schema: public; Owner: postgres
--

CREATE TABLE public."cinemaManager_booking" (
    booking_id integer NOT NULL,
    is_paid boolean NOT NULL,
    students_tickets integer NOT NULL,
    clubs_tickets integer NOT NULL,
    total integer NOT NULL,
    showing_id integer NOT NULL,
    customer_id integer,
    reserved_seats integer[],
    booking_date date NOT NULL
);


ALTER TABLE public."cinemaManager_booking" OWNER TO postgres;

--
-- Name: cinemaManager_booking_booking_id_seq; Type: SEQUENCE; Schema: public; Owner: postgres
--

ALTER TABLE public."cinemaManager_booking" ALTER COLUMN booking_id ADD GENERATED BY DEFAULT AS IDENTITY (
    SEQUENCE NAME public."cinemaManager_booking_booking_id_seq"
    START WITH 1
    INCREMENT BY 1
    NO MINVALUE
    NO MAXVALUE
    CACHE 1
);


--
-- Name: cinemaManager_cinemasettings; Type: TABLE; Schema: public; Owner: postgres
--

CREATE TABLE public."cinemaManager_cinemasettings" (
    id bigint NOT NULL,
    social_distancing boolean NOT NULL
);


ALTER TABLE public."cinemaManager_cinemasettings" OWNER TO postgres;

--
-- Name: cinemaManager_cinemasettings_id_seq; Type: SEQUENCE; Schema: public; Owner: postgres
--

ALTER TABLE public."cinemaManager_cinemasettings" ALTER COLUMN id ADD GENERATED BY DEFAULT AS IDENTITY (
    SEQUENCE NAME public."cinemaManager_cinemasettings_id_seq"
    START WITH 1
    INCREMENT BY 1
    NO MINVALUE
    NO MAXVALUE
    CACHE 1
);


--
-- Name: cinemaManager_film; Type: TABLE; Schema: public; Owner: postgres
--

CREATE TABLE public."cinemaManager_film" (
    film_id integer NOT NULL,
    duration integer NOT NULL,
    age_rating character varying(100) NOT NULL,
    description text NOT NULL,
    title character varying(100) NOT NULL
);


ALTER TABLE public."cinemaManager_film" OWNER TO postgres;

--
-- Name: cinemaManager_film_film_id_seq; Type: SEQUENCE; Schema: public; Owner: postgres
--

ALTER TABLE public."cinemaManager_film" ALTER COLUMN film_id ADD GENERATED BY DEFAULT AS IDENTITY (
    SEQUENCE NAME public."cinemaManager_film_film_id_seq"
    START WITH 1
    INCREMENT BY 1
    NO MINVALUE
    NO MAXVALUE
    CACHE 1
);


--
-- Name: cinemaManager_guestbooking; Type: TABLE; Schema: public; Owner: postgres
--

CREATE TABLE public."cinemaManager_guestbooking" (
    booking_id integer NOT NULL,
    customer_name character varying(100) NOT NULL,
    customer_lname character varying(100) NOT NULL,
    adults_tickets integer NOT NULL,
    reserved_seats integer[],
    total integer NOT NULL,
    showing_id integer NOT NULL,
    children_tickets integer NOT NULL,
    booking_date date NOT NULL
);


ALTER TABLE public."cinemaManager_guestbooking" OWNER TO postgres;

--
-- Name: cinemaManager_guestbooking_booking_id_seq; Type: SEQUENCE; Schema: public; Owner: postgres
--

ALTER TABLE public."cinemaManager_guestbooking" ALTER COLUMN booking_id ADD GENERATED BY DEFAULT AS IDENTITY (
    SEQUENCE NAME public."cinemaManager_guestbooking_booking_id_seq"
    START WITH 1
    INCREMENT BY 1
    NO MINVALUE
    NO MAXVALUE
    CACHE 1
);


--
-- Name: cinemaManager_screen; Type: TABLE; Schema: public; Owner: postgres
--

CREATE TABLE public."cinemaManager_screen" (
    screen_id integer NOT NULL,
    no_seats integer NOT NULL,
    name character varying(100) NOT NULL
);


ALTER TABLE public."cinemaManager_screen" OWNER TO postgres;

--
-- Name: cinemaManager_screen_screen_id_seq; Type: SEQUENCE; Schema: public; Owner: postgres
--

ALTER TABLE public."cinemaManager_screen" ALTER COLUMN screen_id ADD GENERATED BY DEFAULT AS IDENTITY (
    SEQUENCE NAME public."cinemaManager_screen_screen_id_seq"
    START WITH 1
    INCREMENT BY 1
    NO MINVALUE
    NO MAXVALUE
    CACHE 1
);


--
-- Name: cinemaManager_showing; Type: TABLE; Schema: public; Owner: postgres
--

CREATE TABLE public."cinemaManager_showing" (
    showing_id integer NOT NULL,
    "time" time without time zone NOT NULL,
    date date NOT NULL,
    available_seats integer NOT NULL,
    film_id integer NOT NULL,
    screen_id integer NOT NULL
);


ALTER TABLE public."cinemaManager_showing" OWNER TO postgres;

--
-- Name: cinemaManager_showing_showing_id_seq; Type: SEQUENCE; Schema: public; Owner: postgres
--

ALTER TABLE public."cinemaManager_showing" ALTER COLUMN showing_id ADD GENERATED BY DEFAULT AS IDENTITY (
    SEQUENCE NAME public."cinemaManager_showing_showing_id_seq"
    START WITH 1
    INCREMENT BY 1
    NO MINVALUE
    NO MAXVALUE
    CACHE 1
);


--
-- Name: customAuth_clubs; Type: TABLE; Schema: public; Owner: postgres
--

CREATE TABLE public."customAuth_clubs" (
    id bigint NOT NULL,
    balance integer NOT NULL,
    club_name character varying(100) NOT NULL,
    rep_fname character varying(100) NOT NULL,
    rep_lname character varying(100) NOT NULL,
    street_no character varying(100) NOT NULL,
    city character varying(100) NOT NULL,
    mobile_phone character varying(100) NOT NULL,
    email character varying(100) NOT NULL,
    discount integer NOT NULL,
    club_id integer NOT NULL,
    street character varying(100) NOT NULL
);


ALTER TABLE public."customAuth_clubs" OWNER TO postgres;

--
-- Name: customAuth_clubs_id_seq; Type: SEQUENCE; Schema: public; Owner: postgres
--

ALTER TABLE public."customAuth_clubs" ALTER COLUMN id ADD GENERATED BY DEFAULT AS IDENTITY (
    SEQUENCE NAME public."customAuth_clubs_id_seq"
    START WITH 1
    INCREMENT BY 1
    NO MINVALUE
    NO MAXVALUE
    CACHE 1
);


--
-- Name: customAuth_studentaccounts; Type: TABLE; Schema: public; Owner: postgres
--

CREATE TABLE public."customAuth_studentaccounts" (
    id bigint NOT NULL,
    balance integer NOT NULL,
    street_no character varying(100) NOT NULL,
    city character varying(100) NOT NULL,
    mobile_phone character varying(100) NOT NULL,
    email character varying(100) NOT NULL,
    discount integer NOT NULL,
    user_id integer NOT NULL,
    street character varying(100) NOT NULL
);


ALTER TABLE public."customAuth_studentaccounts" OWNER TO postgres;

--
-- Name: customAuth_studentaccounts_id_seq; Type: SEQUENCE; Schema: public; Owner: postgres
--

ALTER TABLE public."customAuth_studentaccounts" ALTER COLUMN id ADD GENERATED BY DEFAULT AS IDENTITY (
    SEQUENCE NAME public."customAuth_studentaccounts_id_seq"
    START WITH 1
    INCREMENT BY 1
    NO MINVALUE
    NO MAXVALUE
    CACHE 1
);


--
-- Name: django_admin_log; Type: TABLE; Schema: public; Owner: postgres
--

CREATE TABLE public.django_admin_log (
    id integer NOT NULL,
    action_time timestamp with time zone NOT NULL,
    object_id text,
    object_repr character varying(200) NOT NULL,
    action_flag smallint NOT NULL,
    change_message text NOT NULL,
    content_type_id integer,
    user_id integer NOT NULL,
    CONSTRAINT django_admin_log_action_flag_check CHECK ((action_flag >= 0))
);


ALTER TABLE public.django_admin_log OWNER TO postgres;

--
-- Name: django_admin_log_id_seq; Type: SEQUENCE; Schema: public; Owner: postgres
--

ALTER TABLE public.django_admin_log ALTER COLUMN id ADD GENERATED BY DEFAULT AS IDENTITY (
    SEQUENCE NAME public.django_admin_log_id_seq
    START WITH 1
    INCREMENT BY 1
    NO MINVALUE
    NO MAXVALUE
    CACHE 1
);


--
-- Name: django_content_type; Type: TABLE; Schema: public; Owner: postgres
--

CREATE TABLE public.django_content_type (
    id integer NOT NULL,
    app_label character varying(100) NOT NULL,
    model character varying(100) NOT NULL
);


ALTER TABLE public.django_content_type OWNER TO postgres;

--
-- Name: django_content_type_id_seq; Type: SEQUENCE; Schema: public; Owner: postgres
--

ALTER TABLE public.django_content_type ALTER COLUMN id ADD GENERATED BY DEFAULT AS IDENTITY (
    SEQUENCE NAME public.django_content_type_id_seq
    START WITH 1
    INCREMENT BY 1
    NO MINVALUE
    NO MAXVALUE
    CACHE 1
);


--
-- Name: django_migrations; Type: TABLE; Schema: public; Owner: postgres
--

CREATE TABLE public.django_migrations (
    id bigint NOT NULL,
    app character varying(255) NOT NULL,
    name character varying(255) NOT NULL,
    applied timestamp with time zone NOT NULL
);


ALTER TABLE public.django_migrations OWNER TO postgres;

--
-- Name: django_migrations_id_seq; Type: SEQUENCE; Schema: public; Owner: postgres
--

ALTER TABLE public.django_migrations ALTER COLUMN id ADD GENERATED BY DEFAULT AS IDENTITY (
    SEQUENCE NAME public.django_migrations_id_seq
    START WITH 1
    INCREMENT BY 1
    NO MINVALUE
    NO MAXVALUE
    CACHE 1
);


--
-- Name: django_session; Type: TABLE; Schema: public; Owner: postgres
--

CREATE TABLE public.django_session (
    session_key character varying(40) NOT NULL,
    session_data text NOT NULL,
    expire_date timestamp with time zone NOT NULL
);


ALTER TABLE public.django_session OWNER TO postgres;

--
-- Data for Name: auth_group; Type: TABLE DATA; Schema: public; Owner: postgres
--

COPY public.auth_group (id, name) FROM stdin;
1	cinema_manager
2	account_manager
3	student
4	club_manager
\.


--
-- Data for Name: auth_group_permissions; Type: TABLE DATA; Schema: public; Owner: postgres
--

COPY public.auth_group_permissions (id, group_id, permission_id) FROM stdin;
\.


--
-- Data for Name: auth_permission; Type: TABLE DATA; Schema: public; Owner: postgres
--

COPY public.auth_permission (id, name, content_type_id, codename) FROM stdin;
1	Can add log entry	1	add_logentry
2	Can change log entry	1	change_logentry
3	Can delete log entry	1	delete_logentry
4	Can view log entry	1	view_logentry
5	Can add permission	2	add_permission
6	Can change permission	2	change_permission
7	Can delete permission	2	delete_permission
8	Can view permission	2	view_permission
9	Can add group	3	add_group
10	Can change group	3	change_group
11	Can delete group	3	delete_group
12	Can view group	3	view_group
13	Can add user	4	add_user
14	Can change user	4	change_user
15	Can delete user	4	delete_user
16	Can view user	4	view_user
17	Can add content type	5	add_contenttype
18	Can change content type	5	change_contenttype
19	Can delete content type	5	delete_contenttype
20	Can view content type	5	view_contenttype
21	Can add session	6	add_session
22	Can change session	6	change_session
23	Can delete session	6	delete_session
24	Can view session	6	view_session
25	Can add student accounts	7	add_studentaccounts
26	Can change student accounts	7	change_studentaccounts
27	Can delete student accounts	7	delete_studentaccounts
28	Can view student accounts	7	view_studentaccounts
29	Can add clubs	8	add_clubs
30	Can change clubs	8	change_clubs
31	Can delete clubs	8	delete_clubs
32	Can view clubs	8	view_clubs
33	Can add film	9	add_film
34	Can change film	9	change_film
35	Can delete film	9	delete_film
36	Can view film	9	view_film
37	Can add screen	10	add_screen
38	Can change screen	10	change_screen
39	Can delete screen	10	delete_screen
40	Can view screen	10	view_screen
41	Can add showing	11	add_showing
42	Can change showing	11	change_showing
43	Can delete showing	11	delete_showing
44	Can view showing	11	view_showing
45	Can add booking	12	add_booking
46	Can change booking	12	change_booking
47	Can delete booking	12	delete_booking
48	Can view booking	12	view_booking
49	Can add guest booking	13	add_guestbooking
50	Can change guest booking	13	change_guestbooking
51	Can delete guest booking	13	delete_guestbooking
52	Can view guest booking	13	view_guestbooking
53	Can add cinema settings	14	add_cinemasettings
54	Can change cinema settings	14	change_cinemasettings
55	Can delete cinema settings	14	delete_cinemasettings
56	Can view cinema settings	14	view_cinemasettings
\.


--
-- Data for Name: auth_user; Type: TABLE DATA; Schema: public; Owner: postgres
--

COPY public.auth_user (id, password, last_login, is_superuser, username, first_name, last_name, email, is_staff, is_active, date_joined) FROM stdin;
2	pbkdf2_sha256$390000$arbOjMvlxAqhiIcW6n45VQ$BmoAIFoXGxoBPV/7t2SBTfudpT7HaYOx5/7omuDGKiw=	2023-05-08 22:33:37.201632+00	f	CinemaManager				f	t	2023-05-08 22:32:49+00
3	pbkdf2_sha256$390000$DubMIcyejIgn4DzCGqlcNn$fGN2+PPdPMoSSMfp6779eI8Mo02uArUM99hyypeMmEY=	\N	f	Student1				f	t	2023-05-08 22:39:26.857287+00
4	pbkdf2_sha256$390000$7l1K2xjHKq9SZJ2c5AZlf6$NDzPg3uS6zSgo2K4+QEn1GwpzdLSh08lOKRd2aomyeM=	\N	f	12345				f	t	2023-05-08 22:39:59.557931+00
1	pbkdf2_sha256$390000$exHS6BtsvVZLiNZmbirZ8L$lCfFZrW6YHAyMvRd72GRkzDcyuBYwiZJ/5BLGoQOOww=	2023-05-08 22:40:17.191094+00	t	root				t	t	2023-05-08 22:31:36.588537+00
5	pbkdf2_sha256$390000$BBejRdZiYp1WzVJNw2jC56$mw0qIokeiffMC920sZ4gWteyMW21rqzKkMrgziPj4FI=	\N	f	AccountManager				f	t	2023-05-08 22:40:33+00
\.


--
-- Data for Name: auth_user_groups; Type: TABLE DATA; Schema: public; Owner: postgres
--

COPY public.auth_user_groups (id, user_id, group_id) FROM stdin;
1	2	1
2	3	3
3	4	4
4	5	2
\.


--
-- Data for Name: auth_user_user_permissions; Type: TABLE DATA; Schema: public; Owner: postgres
--

COPY public.auth_user_user_permissions (id, user_id, permission_id) FROM stdin;
\.


--
-- Data for Name: cinemaManager_booking; Type: TABLE DATA; Schema: public; Owner: postgres
--

COPY public."cinemaManager_booking" (booking_id, is_paid, students_tickets, clubs_tickets, total, showing_id, customer_id, reserved_seats, booking_date) FROM stdin;
\.


--
-- Data for Name: cinemaManager_cinemasettings; Type: TABLE DATA; Schema: public; Owner: postgres
--

COPY public."cinemaManager_cinemasettings" (id, social_distancing) FROM stdin;
1	t
\.


--
-- Data for Name: cinemaManager_film; Type: TABLE DATA; Schema: public; Owner: postgres
--

COPY public."cinemaManager_film" (film_id, duration, age_rating, description, title) FROM stdin;
1	150	Not Rated	Still reeling from the loss of Gamora, Peter Quill must rally his team to defend the universe and protect one of their own. If the mission is not completely successful, it could possibly lead to the end of the Guardians as we know them.	Guardians of the Galaxy Vol. 3
2	120	Not Rated	Nick Fury is compelled to launch the Avengers Initiative when Loki poses a threat to planet Earth. His squad of superheroes put their minds together to accomplish the task.	The Avengers
\.


--
-- Data for Name: cinemaManager_guestbooking; Type: TABLE DATA; Schema: public; Owner: postgres
--

COPY public."cinemaManager_guestbooking" (booking_id, customer_name, customer_lname, adults_tickets, reserved_seats, total, showing_id, children_tickets, booking_date) FROM stdin;
1	Joe	Matrix	1	{100,97}	17	1	1	2023-05-08
\.


--
-- Data for Name: cinemaManager_screen; Type: TABLE DATA; Schema: public; Owner: postgres
--

COPY public."cinemaManager_screen" (screen_id, no_seats, name) FROM stdin;
1	100	Screen 1
\.


--
-- Data for Name: cinemaManager_showing; Type: TABLE DATA; Schema: public; Owner: postgres
--

COPY public."cinemaManager_showing" (showing_id, "time", date, available_seats, film_id, screen_id) FROM stdin;
1	12:00:00	2023-10-10	96	1	1
\.


--
-- Data for Name: customAuth_clubs; Type: TABLE DATA; Schema: public; Owner: postgres
--

COPY public."customAuth_clubs" (id, balance, club_name, rep_fname, rep_lname, street_no, city, mobile_phone, email, discount, club_id, street) FROM stdin;
1	0								0	4	
\.


--
-- Data for Name: customAuth_studentaccounts; Type: TABLE DATA; Schema: public; Owner: postgres
--

COPY public."customAuth_studentaccounts" (id, balance, street_no, city, mobile_phone, email, discount, user_id, street) FROM stdin;
1	0					0	3	
\.


--
-- Data for Name: django_admin_log; Type: TABLE DATA; Schema: public; Owner: postgres
--

COPY public.django_admin_log (id, action_time, object_id, object_repr, action_flag, change_message, content_type_id, user_id) FROM stdin;
1	2023-05-08 22:32:01.723453+00	1	cinema_manager	1	[{"added": {}}]	3	1
2	2023-05-08 22:32:07.071421+00	2	account_manager	1	[{"added": {}}]	3	1
3	2023-05-08 22:32:49.889452+00	2	CinemaManager	1	[{"added": {}}]	4	1
4	2023-05-08 22:33:24.38626+00	2	CinemaManager	2	[{"changed": {"fields": ["Groups"]}}]	4	1
5	2023-05-08 22:40:33.344384+00	5	AccountManager	1	[{"added": {}}]	4	1
6	2023-05-08 22:40:39.834465+00	5	AccountManager	2	[{"changed": {"fields": ["Groups"]}}]	4	1
\.


--
-- Data for Name: django_content_type; Type: TABLE DATA; Schema: public; Owner: postgres
--

COPY public.django_content_type (id, app_label, model) FROM stdin;
1	admin	logentry
2	auth	permission
3	auth	group
4	auth	user
5	contenttypes	contenttype
6	sessions	session
7	customAuth	studentaccounts
8	customAuth	clubs
9	cinemaManager	film
10	cinemaManager	screen
11	cinemaManager	showing
12	cinemaManager	booking
13	cinemaManager	guestbooking
14	cinemaManager	cinemasettings
\.


--
-- Data for Name: django_migrations; Type: TABLE DATA; Schema: public; Owner: postgres
--

COPY public.django_migrations (id, app, name, applied) FROM stdin;
1	contenttypes	0001_initial	2023-05-08 22:30:38.86508+00
2	auth	0001_initial	2023-05-08 22:30:38.929044+00
3	admin	0001_initial	2023-05-08 22:30:38.950085+00
4	admin	0002_logentry_remove_auto_add	2023-05-08 22:30:38.959289+00
5	admin	0003_logentry_add_action_flag_choices	2023-05-08 22:30:38.96982+00
6	contenttypes	0002_remove_content_type_name	2023-05-08 22:30:38.987761+00
7	auth	0002_alter_permission_name_max_length	2023-05-08 22:30:38.996749+00
8	auth	0003_alter_user_email_max_length	2023-05-08 22:30:39.00693+00
9	auth	0004_alter_user_username_opts	2023-05-08 22:30:39.015457+00
10	auth	0005_alter_user_last_login_null	2023-05-08 22:30:39.02612+00
11	auth	0006_require_contenttypes_0002	2023-05-08 22:30:39.028603+00
12	auth	0007_alter_validators_add_error_messages	2023-05-08 22:30:39.039223+00
13	auth	0008_alter_user_username_max_length	2023-05-08 22:30:39.054207+00
14	auth	0009_alter_user_last_name_max_length	2023-05-08 22:30:39.0625+00
15	auth	0010_alter_group_name_max_length	2023-05-08 22:30:39.073456+00
16	auth	0011_update_proxy_permissions	2023-05-08 22:30:39.081061+00
17	auth	0012_alter_user_first_name_max_length	2023-05-08 22:30:39.092265+00
18	cinemaManager	0001_initial	2023-05-08 22:30:39.122489+00
19	cinemaManager	0002_film_age_rating_film_description	2023-05-08 22:30:39.132797+00
20	cinemaManager	0003_film_title	2023-05-08 22:30:39.140716+00
21	cinemaManager	0004_remove_showing_screen_screen_no_seats	2023-05-08 22:30:39.155703+00
22	cinemaManager	0005_screen_name	2023-05-08 22:30:39.16043+00
23	cinemaManager	0006_showing_screen	2023-05-08 22:30:39.170762+00
24	cinemaManager	0007_alter_showing_screen	2023-05-08 22:30:39.180256+00
25	cinemaManager	0008_remove_booking_adults_tickets_booking_customer_and_more	2023-05-08 22:30:39.227142+00
26	cinemaManager	0009_guestbooking_children_tickets	2023-05-08 22:30:39.235115+00
27	cinemaManager	0010_cinemasettings	2023-05-08 22:30:39.241732+00
28	cinemaManager	0011_booking_booking_date_guestbooking_booking_date	2023-05-08 22:30:39.2604+00
29	customAuth	0001_initial	2023-05-08 22:30:39.301509+00
30	customAuth	0002_alter_clubs_balance_alter_studentaccounts_balance	2023-05-08 22:30:39.319886+00
31	customAuth	0003_alter_clubs_discount	2023-05-08 22:30:39.330316+00
32	customAuth	0004_alter_studentaccounts_discount	2023-05-08 22:30:39.342687+00
33	customAuth	0005_clubs_street	2023-05-08 22:30:39.356815+00
34	customAuth	0006_studentaccounts_street	2023-05-08 22:30:39.371032+00
35	sessions	0001_initial	2023-05-08 22:30:39.383192+00
\.


--
-- Data for Name: django_session; Type: TABLE DATA; Schema: public; Owner: postgres
--

COPY public.django_session (session_key, session_data, expire_date) FROM stdin;
73hhn2inhdr9g23ex8oge4et2yjjz33x	.eJxVjcFqwzAQRP9lz8FYlizXOfZY8DeIlXYVKXElsGQaCP33OsZQfH0zb-YFSOtci6nRPbgWuIoLuBBnWjidoI9LqSbhN8MVvjLDBWb8JxPWJT43WEL-ielmIu2awbUGsxZedgICTszi9pDeAd0x3XLjctqGbPOuNEdamikTz59H9zQQsITNloRaDKjaTvcdkupG9C1LUl5bGoXDlnvr2846bQcliRg_SI69FNqP_aDg9w_791iu:1pw9Wj:3WfEUZwStZ3ZFcig77aJb6zOg3GWu5960Tl8foekruU	2023-05-08 23:00:17.196284+00
\.


--
-- Name: auth_group_id_seq; Type: SEQUENCE SET; Schema: public; Owner: postgres
--

SELECT pg_catalog.setval('public.auth_group_id_seq', 35, true);


--
-- Name: auth_group_permissions_id_seq; Type: SEQUENCE SET; Schema: public; Owner: postgres
--

SELECT pg_catalog.setval('public.auth_group_permissions_id_seq', 1, false);


--
-- Name: auth_permission_id_seq; Type: SEQUENCE SET; Schema: public; Owner: postgres
--

SELECT pg_catalog.setval('public.auth_permission_id_seq', 56, true);


--
-- Name: auth_user_groups_id_seq; Type: SEQUENCE SET; Schema: public; Owner: postgres
--

SELECT pg_catalog.setval('public.auth_user_groups_id_seq', 36, true);


--
-- Name: auth_user_id_seq; Type: SEQUENCE SET; Schema: public; Owner: postgres
--

SELECT pg_catalog.setval('public.auth_user_id_seq', 35, true);


--
-- Name: auth_user_user_permissions_id_seq; Type: SEQUENCE SET; Schema: public; Owner: postgres
--

SELECT pg_catalog.setval('public.auth_user_user_permissions_id_seq', 1, false);


--
-- Name: cinemaManager_booking_booking_id_seq; Type: SEQUENCE SET; Schema: public; Owner: postgres
--

SELECT pg_catalog.setval('public."cinemaManager_booking_booking_id_seq"', 1, false);


--
-- Name: cinemaManager_cinemasettings_id_seq; Type: SEQUENCE SET; Schema: public; Owner: postgres
--

SELECT pg_catalog.setval('public."cinemaManager_cinemasettings_id_seq"', 33, true);


--
-- Name: cinemaManager_film_film_id_seq; Type: SEQUENCE SET; Schema: public; Owner: postgres
--

SELECT pg_catalog.setval('public."cinemaManager_film_film_id_seq"', 34, true);


--
-- Name: cinemaManager_guestbooking_booking_id_seq; Type: SEQUENCE SET; Schema: public; Owner: postgres
--

SELECT pg_catalog.setval('public."cinemaManager_guestbooking_booking_id_seq"', 33, true);


--
-- Name: cinemaManager_screen_screen_id_seq; Type: SEQUENCE SET; Schema: public; Owner: postgres
--

SELECT pg_catalog.setval('public."cinemaManager_screen_screen_id_seq"', 33, true);


--
-- Name: cinemaManager_showing_showing_id_seq; Type: SEQUENCE SET; Schema: public; Owner: postgres
--

SELECT pg_catalog.setval('public."cinemaManager_showing_showing_id_seq"', 33, true);


--
-- Name: customAuth_clubs_id_seq; Type: SEQUENCE SET; Schema: public; Owner: postgres
--

SELECT pg_catalog.setval('public."customAuth_clubs_id_seq"', 33, true);


--
-- Name: customAuth_studentaccounts_id_seq; Type: SEQUENCE SET; Schema: public; Owner: postgres
--

SELECT pg_catalog.setval('public."customAuth_studentaccounts_id_seq"', 33, true);


--
-- Name: django_admin_log_id_seq; Type: SEQUENCE SET; Schema: public; Owner: postgres
--

SELECT pg_catalog.setval('public.django_admin_log_id_seq', 38, true);


--
-- Name: django_content_type_id_seq; Type: SEQUENCE SET; Schema: public; Owner: postgres
--

SELECT pg_catalog.setval('public.django_content_type_id_seq', 14, true);


--
-- Name: django_migrations_id_seq; Type: SEQUENCE SET; Schema: public; Owner: postgres
--

SELECT pg_catalog.setval('public.django_migrations_id_seq', 35, true);


--
-- Name: auth_group auth_group_name_key; Type: CONSTRAINT; Schema: public; Owner: postgres
--

ALTER TABLE ONLY public.auth_group
    ADD CONSTRAINT auth_group_name_key UNIQUE (name);


--
-- Name: auth_group_permissions auth_group_permissions_group_id_permission_id_0cd325b0_uniq; Type: CONSTRAINT; Schema: public; Owner: postgres
--

ALTER TABLE ONLY public.auth_group_permissions
    ADD CONSTRAINT auth_group_permissions_group_id_permission_id_0cd325b0_uniq UNIQUE (group_id, permission_id);


--
-- Name: auth_group_permissions auth_group_permissions_pkey; Type: CONSTRAINT; Schema: public; Owner: postgres
--

ALTER TABLE ONLY public.auth_group_permissions
    ADD CONSTRAINT auth_group_permissions_pkey PRIMARY KEY (id);


--
-- Name: auth_group auth_group_pkey; Type: CONSTRAINT; Schema: public; Owner: postgres
--

ALTER TABLE ONLY public.auth_group
    ADD CONSTRAINT auth_group_pkey PRIMARY KEY (id);


--
-- Name: auth_permission auth_permission_content_type_id_codename_01ab375a_uniq; Type: CONSTRAINT; Schema: public; Owner: postgres
--

ALTER TABLE ONLY public.auth_permission
    ADD CONSTRAINT auth_permission_content_type_id_codename_01ab375a_uniq UNIQUE (content_type_id, codename);


--
-- Name: auth_permission auth_permission_pkey; Type: CONSTRAINT; Schema: public; Owner: postgres
--

ALTER TABLE ONLY public.auth_permission
    ADD CONSTRAINT auth_permission_pkey PRIMARY KEY (id);


--
-- Name: auth_user_groups auth_user_groups_pkey; Type: CONSTRAINT; Schema: public; Owner: postgres
--

ALTER TABLE ONLY public.auth_user_groups
    ADD CONSTRAINT auth_user_groups_pkey PRIMARY KEY (id);


--
-- Name: auth_user_groups auth_user_groups_user_id_group_id_94350c0c_uniq; Type: CONSTRAINT; Schema: public; Owner: postgres
--

ALTER TABLE ONLY public.auth_user_groups
    ADD CONSTRAINT auth_user_groups_user_id_group_id_94350c0c_uniq UNIQUE (user_id, group_id);


--
-- Name: auth_user auth_user_pkey; Type: CONSTRAINT; Schema: public; Owner: postgres
--

ALTER TABLE ONLY public.auth_user
    ADD CONSTRAINT auth_user_pkey PRIMARY KEY (id);


--
-- Name: auth_user_user_permissions auth_user_user_permissions_pkey; Type: CONSTRAINT; Schema: public; Owner: postgres
--

ALTER TABLE ONLY public.auth_user_user_permissions
    ADD CONSTRAINT auth_user_user_permissions_pkey PRIMARY KEY (id);


--
-- Name: auth_user_user_permissions auth_user_user_permissions_user_id_permission_id_14a6b632_uniq; Type: CONSTRAINT; Schema: public; Owner: postgres
--

ALTER TABLE ONLY public.auth_user_user_permissions
    ADD CONSTRAINT auth_user_user_permissions_user_id_permission_id_14a6b632_uniq UNIQUE (user_id, permission_id);


--
-- Name: auth_user auth_user_username_key; Type: CONSTRAINT; Schema: public; Owner: postgres
--

ALTER TABLE ONLY public.auth_user
    ADD CONSTRAINT auth_user_username_key UNIQUE (username);


--
-- Name: cinemaManager_booking cinemaManager_booking_pkey; Type: CONSTRAINT; Schema: public; Owner: postgres
--

ALTER TABLE ONLY public."cinemaManager_booking"
    ADD CONSTRAINT "cinemaManager_booking_pkey" PRIMARY KEY (booking_id);


--
-- Name: cinemaManager_cinemasettings cinemaManager_cinemasettings_pkey; Type: CONSTRAINT; Schema: public; Owner: postgres
--

ALTER TABLE ONLY public."cinemaManager_cinemasettings"
    ADD CONSTRAINT "cinemaManager_cinemasettings_pkey" PRIMARY KEY (id);


--
-- Name: cinemaManager_film cinemaManager_film_pkey; Type: CONSTRAINT; Schema: public; Owner: postgres
--

ALTER TABLE ONLY public."cinemaManager_film"
    ADD CONSTRAINT "cinemaManager_film_pkey" PRIMARY KEY (film_id);


--
-- Name: cinemaManager_guestbooking cinemaManager_guestbooking_pkey; Type: CONSTRAINT; Schema: public; Owner: postgres
--

ALTER TABLE ONLY public."cinemaManager_guestbooking"
    ADD CONSTRAINT "cinemaManager_guestbooking_pkey" PRIMARY KEY (booking_id);


--
-- Name: cinemaManager_screen cinemaManager_screen_pkey; Type: CONSTRAINT; Schema: public; Owner: postgres
--

ALTER TABLE ONLY public."cinemaManager_screen"
    ADD CONSTRAINT "cinemaManager_screen_pkey" PRIMARY KEY (screen_id);


--
-- Name: cinemaManager_showing cinemaManager_showing_pkey; Type: CONSTRAINT; Schema: public; Owner: postgres
--

ALTER TABLE ONLY public."cinemaManager_showing"
    ADD CONSTRAINT "cinemaManager_showing_pkey" PRIMARY KEY (showing_id);


--
-- Name: customAuth_clubs customAuth_clubs_pkey; Type: CONSTRAINT; Schema: public; Owner: postgres
--

ALTER TABLE ONLY public."customAuth_clubs"
    ADD CONSTRAINT "customAuth_clubs_pkey" PRIMARY KEY (id);


--
-- Name: customAuth_studentaccounts customAuth_studentaccounts_pkey; Type: CONSTRAINT; Schema: public; Owner: postgres
--

ALTER TABLE ONLY public."customAuth_studentaccounts"
    ADD CONSTRAINT "customAuth_studentaccounts_pkey" PRIMARY KEY (id);


--
-- Name: django_admin_log django_admin_log_pkey; Type: CONSTRAINT; Schema: public; Owner: postgres
--

ALTER TABLE ONLY public.django_admin_log
    ADD CONSTRAINT django_admin_log_pkey PRIMARY KEY (id);


--
-- Name: django_content_type django_content_type_app_label_model_76bd3d3b_uniq; Type: CONSTRAINT; Schema: public; Owner: postgres
--

ALTER TABLE ONLY public.django_content_type
    ADD CONSTRAINT django_content_type_app_label_model_76bd3d3b_uniq UNIQUE (app_label, model);


--
-- Name: django_content_type django_content_type_pkey; Type: CONSTRAINT; Schema: public; Owner: postgres
--

ALTER TABLE ONLY public.django_content_type
    ADD CONSTRAINT django_content_type_pkey PRIMARY KEY (id);


--
-- Name: django_migrations django_migrations_pkey; Type: CONSTRAINT; Schema: public; Owner: postgres
--

ALTER TABLE ONLY public.django_migrations
    ADD CONSTRAINT django_migrations_pkey PRIMARY KEY (id);


--
-- Name: django_session django_session_pkey; Type: CONSTRAINT; Schema: public; Owner: postgres
--

ALTER TABLE ONLY public.django_session
    ADD CONSTRAINT django_session_pkey PRIMARY KEY (session_key);


--
-- Name: auth_group_name_a6ea08ec_like; Type: INDEX; Schema: public; Owner: postgres
--

CREATE INDEX auth_group_name_a6ea08ec_like ON public.auth_group USING btree (name varchar_pattern_ops);


--
-- Name: auth_group_permissions_group_id_b120cbf9; Type: INDEX; Schema: public; Owner: postgres
--

CREATE INDEX auth_group_permissions_group_id_b120cbf9 ON public.auth_group_permissions USING btree (group_id);


--
-- Name: auth_group_permissions_permission_id_84c5c92e; Type: INDEX; Schema: public; Owner: postgres
--

CREATE INDEX auth_group_permissions_permission_id_84c5c92e ON public.auth_group_permissions USING btree (permission_id);


--
-- Name: auth_permission_content_type_id_2f476e4b; Type: INDEX; Schema: public; Owner: postgres
--

CREATE INDEX auth_permission_content_type_id_2f476e4b ON public.auth_permission USING btree (content_type_id);


--
-- Name: auth_user_groups_group_id_97559544; Type: INDEX; Schema: public; Owner: postgres
--

CREATE INDEX auth_user_groups_group_id_97559544 ON public.auth_user_groups USING btree (group_id);


--
-- Name: auth_user_groups_user_id_6a12ed8b; Type: INDEX; Schema: public; Owner: postgres
--

CREATE INDEX auth_user_groups_user_id_6a12ed8b ON public.auth_user_groups USING btree (user_id);


--
-- Name: auth_user_user_permissions_permission_id_1fbb5f2c; Type: INDEX; Schema: public; Owner: postgres
--

CREATE INDEX auth_user_user_permissions_permission_id_1fbb5f2c ON public.auth_user_user_permissions USING btree (permission_id);


--
-- Name: auth_user_user_permissions_user_id_a95ead1b; Type: INDEX; Schema: public; Owner: postgres
--

CREATE INDEX auth_user_user_permissions_user_id_a95ead1b ON public.auth_user_user_permissions USING btree (user_id);


--
-- Name: auth_user_username_6821ab7c_like; Type: INDEX; Schema: public; Owner: postgres
--

CREATE INDEX auth_user_username_6821ab7c_like ON public.auth_user USING btree (username varchar_pattern_ops);


--
-- Name: cinemaManager_booking_customer_id_165acd64; Type: INDEX; Schema: public; Owner: postgres
--

CREATE INDEX "cinemaManager_booking_customer_id_165acd64" ON public."cinemaManager_booking" USING btree (customer_id);


--
-- Name: cinemaManager_booking_showing_id_252ae9d1; Type: INDEX; Schema: public; Owner: postgres
--

CREATE INDEX "cinemaManager_booking_showing_id_252ae9d1" ON public."cinemaManager_booking" USING btree (showing_id);


--
-- Name: cinemaManager_guestbooking_showing_id_104c2092; Type: INDEX; Schema: public; Owner: postgres
--

CREATE INDEX "cinemaManager_guestbooking_showing_id_104c2092" ON public."cinemaManager_guestbooking" USING btree (showing_id);


--
-- Name: cinemaManager_showing_film_id_63aae35b; Type: INDEX; Schema: public; Owner: postgres
--

CREATE INDEX "cinemaManager_showing_film_id_63aae35b" ON public."cinemaManager_showing" USING btree (film_id);


--
-- Name: cinemaManager_showing_screen_id_a9d60461; Type: INDEX; Schema: public; Owner: postgres
--

CREATE INDEX "cinemaManager_showing_screen_id_a9d60461" ON public."cinemaManager_showing" USING btree (screen_id);


--
-- Name: customAuth_clubs_club_id_bee4c795; Type: INDEX; Schema: public; Owner: postgres
--

CREATE INDEX "customAuth_clubs_club_id_bee4c795" ON public."customAuth_clubs" USING btree (club_id);


--
-- Name: customAuth_studentaccounts_user_id_ae44e258; Type: INDEX; Schema: public; Owner: postgres
--

CREATE INDEX "customAuth_studentaccounts_user_id_ae44e258" ON public."customAuth_studentaccounts" USING btree (user_id);


--
-- Name: django_admin_log_content_type_id_c4bce8eb; Type: INDEX; Schema: public; Owner: postgres
--

CREATE INDEX django_admin_log_content_type_id_c4bce8eb ON public.django_admin_log USING btree (content_type_id);


--
-- Name: django_admin_log_user_id_c564eba6; Type: INDEX; Schema: public; Owner: postgres
--

CREATE INDEX django_admin_log_user_id_c564eba6 ON public.django_admin_log USING btree (user_id);


--
-- Name: django_session_expire_date_a5c62663; Type: INDEX; Schema: public; Owner: postgres
--

CREATE INDEX django_session_expire_date_a5c62663 ON public.django_session USING btree (expire_date);


--
-- Name: django_session_session_key_c0390e0f_like; Type: INDEX; Schema: public; Owner: postgres
--

CREATE INDEX django_session_session_key_c0390e0f_like ON public.django_session USING btree (session_key varchar_pattern_ops);


--
-- Name: auth_group_permissions auth_group_permissio_permission_id_84c5c92e_fk_auth_perm; Type: FK CONSTRAINT; Schema: public; Owner: postgres
--

ALTER TABLE ONLY public.auth_group_permissions
    ADD CONSTRAINT auth_group_permissio_permission_id_84c5c92e_fk_auth_perm FOREIGN KEY (permission_id) REFERENCES public.auth_permission(id) DEFERRABLE INITIALLY DEFERRED;


--
-- Name: auth_group_permissions auth_group_permissions_group_id_b120cbf9_fk_auth_group_id; Type: FK CONSTRAINT; Schema: public; Owner: postgres
--

ALTER TABLE ONLY public.auth_group_permissions
    ADD CONSTRAINT auth_group_permissions_group_id_b120cbf9_fk_auth_group_id FOREIGN KEY (group_id) REFERENCES public.auth_group(id) DEFERRABLE INITIALLY DEFERRED;


--
-- Name: auth_permission auth_permission_content_type_id_2f476e4b_fk_django_co; Type: FK CONSTRAINT; Schema: public; Owner: postgres
--

ALTER TABLE ONLY public.auth_permission
    ADD CONSTRAINT auth_permission_content_type_id_2f476e4b_fk_django_co FOREIGN KEY (content_type_id) REFERENCES public.django_content_type(id) DEFERRABLE INITIALLY DEFERRED;


--
-- Name: auth_user_groups auth_user_groups_group_id_97559544_fk_auth_group_id; Type: FK CONSTRAINT; Schema: public; Owner: postgres
--

ALTER TABLE ONLY public.auth_user_groups
    ADD CONSTRAINT auth_user_groups_group_id_97559544_fk_auth_group_id FOREIGN KEY (group_id) REFERENCES public.auth_group(id) DEFERRABLE INITIALLY DEFERRED;


--
-- Name: auth_user_groups auth_user_groups_user_id_6a12ed8b_fk_auth_user_id; Type: FK CONSTRAINT; Schema: public; Owner: postgres
--

ALTER TABLE ONLY public.auth_user_groups
    ADD CONSTRAINT auth_user_groups_user_id_6a12ed8b_fk_auth_user_id FOREIGN KEY (user_id) REFERENCES public.auth_user(id) DEFERRABLE INITIALLY DEFERRED;


--
-- Name: auth_user_user_permissions auth_user_user_permi_permission_id_1fbb5f2c_fk_auth_perm; Type: FK CONSTRAINT; Schema: public; Owner: postgres
--

ALTER TABLE ONLY public.auth_user_user_permissions
    ADD CONSTRAINT auth_user_user_permi_permission_id_1fbb5f2c_fk_auth_perm FOREIGN KEY (permission_id) REFERENCES public.auth_permission(id) DEFERRABLE INITIALLY DEFERRED;


--
-- Name: auth_user_user_permissions auth_user_user_permissions_user_id_a95ead1b_fk_auth_user_id; Type: FK CONSTRAINT; Schema: public; Owner: postgres
--

ALTER TABLE ONLY public.auth_user_user_permissions
    ADD CONSTRAINT auth_user_user_permissions_user_id_a95ead1b_fk_auth_user_id FOREIGN KEY (user_id) REFERENCES public.auth_user(id) DEFERRABLE INITIALLY DEFERRED;


--
-- Name: cinemaManager_booking cinemaManager_bookin_showing_id_252ae9d1_fk_cinemaMan; Type: FK CONSTRAINT; Schema: public; Owner: postgres
--

ALTER TABLE ONLY public."cinemaManager_booking"
    ADD CONSTRAINT "cinemaManager_bookin_showing_id_252ae9d1_fk_cinemaMan" FOREIGN KEY (showing_id) REFERENCES public."cinemaManager_showing"(showing_id) DEFERRABLE INITIALLY DEFERRED;


--
-- Name: cinemaManager_booking cinemaManager_booking_customer_id_165acd64_fk_auth_user_id; Type: FK CONSTRAINT; Schema: public; Owner: postgres
--

ALTER TABLE ONLY public."cinemaManager_booking"
    ADD CONSTRAINT "cinemaManager_booking_customer_id_165acd64_fk_auth_user_id" FOREIGN KEY (customer_id) REFERENCES public.auth_user(id) DEFERRABLE INITIALLY DEFERRED;


--
-- Name: cinemaManager_guestbooking cinemaManager_guestb_showing_id_104c2092_fk_cinemaMan; Type: FK CONSTRAINT; Schema: public; Owner: postgres
--

ALTER TABLE ONLY public."cinemaManager_guestbooking"
    ADD CONSTRAINT "cinemaManager_guestb_showing_id_104c2092_fk_cinemaMan" FOREIGN KEY (showing_id) REFERENCES public."cinemaManager_showing"(showing_id) DEFERRABLE INITIALLY DEFERRED;


--
-- Name: cinemaManager_showing cinemaManager_showin_film_id_63aae35b_fk_cinemaMan; Type: FK CONSTRAINT; Schema: public; Owner: postgres
--

ALTER TABLE ONLY public."cinemaManager_showing"
    ADD CONSTRAINT "cinemaManager_showin_film_id_63aae35b_fk_cinemaMan" FOREIGN KEY (film_id) REFERENCES public."cinemaManager_film"(film_id) DEFERRABLE INITIALLY DEFERRED;


--
-- Name: cinemaManager_showing cinemaManager_showin_screen_id_a9d60461_fk_cinemaMan; Type: FK CONSTRAINT; Schema: public; Owner: postgres
--

ALTER TABLE ONLY public."cinemaManager_showing"
    ADD CONSTRAINT "cinemaManager_showin_screen_id_a9d60461_fk_cinemaMan" FOREIGN KEY (screen_id) REFERENCES public."cinemaManager_screen"(screen_id) DEFERRABLE INITIALLY DEFERRED;


--
-- Name: customAuth_clubs customAuth_clubs_club_id_bee4c795_fk_auth_user_id; Type: FK CONSTRAINT; Schema: public; Owner: postgres
--

ALTER TABLE ONLY public."customAuth_clubs"
    ADD CONSTRAINT "customAuth_clubs_club_id_bee4c795_fk_auth_user_id" FOREIGN KEY (club_id) REFERENCES public.auth_user(id) DEFERRABLE INITIALLY DEFERRED;


--
-- Name: customAuth_studentaccounts customAuth_studentaccounts_user_id_ae44e258_fk_auth_user_id; Type: FK CONSTRAINT; Schema: public; Owner: postgres
--

ALTER TABLE ONLY public."customAuth_studentaccounts"
    ADD CONSTRAINT "customAuth_studentaccounts_user_id_ae44e258_fk_auth_user_id" FOREIGN KEY (user_id) REFERENCES public.auth_user(id) DEFERRABLE INITIALLY DEFERRED;


--
-- Name: django_admin_log django_admin_log_content_type_id_c4bce8eb_fk_django_co; Type: FK CONSTRAINT; Schema: public; Owner: postgres
--

ALTER TABLE ONLY public.django_admin_log
    ADD CONSTRAINT django_admin_log_content_type_id_c4bce8eb_fk_django_co FOREIGN KEY (content_type_id) REFERENCES public.django_content_type(id) DEFERRABLE INITIALLY DEFERRED;


--
-- Name: django_admin_log django_admin_log_user_id_c564eba6_fk_auth_user_id; Type: FK CONSTRAINT; Schema: public; Owner: postgres
--

ALTER TABLE ONLY public.django_admin_log
    ADD CONSTRAINT django_admin_log_user_id_c564eba6_fk_auth_user_id FOREIGN KEY (user_id) REFERENCES public.auth_user(id) DEFERRABLE INITIALLY DEFERRED;


--
-- PostgreSQL database dump complete
--

--
-- Database "postgres" dump
--

--
-- PostgreSQL database dump
--

-- Dumped from database version 15.2 (Debian 15.2-1.pgdg110+1)
-- Dumped by pg_dump version 15.2 (Debian 15.2-1.pgdg110+1)

SET statement_timeout = 0;
SET lock_timeout = 0;
SET idle_in_transaction_session_timeout = 0;
SET client_encoding = 'UTF8';
SET standard_conforming_strings = on;
SELECT pg_catalog.set_config('search_path', '', false);
SET check_function_bodies = false;
SET xmloption = content;
SET client_min_messages = warning;
SET row_security = off;

DROP DATABASE IF EXISTS postgres;
--
-- Name: postgres; Type: DATABASE; Schema: -; Owner: postgres
--

CREATE DATABASE postgres WITH TEMPLATE = template0 ENCODING = 'UTF8' LOCALE_PROVIDER = libc LOCALE = 'en_US.utf8';


ALTER DATABASE postgres OWNER TO postgres;

\connect postgres

SET statement_timeout = 0;
SET lock_timeout = 0;
SET idle_in_transaction_session_timeout = 0;
SET client_encoding = 'UTF8';
SET standard_conforming_strings = on;
SELECT pg_catalog.set_config('search_path', '', false);
SET check_function_bodies = false;
SET xmloption = content;
SET client_min_messages = warning;
SET row_security = off;

--
-- Name: DATABASE postgres; Type: COMMENT; Schema: -; Owner: postgres
--

COMMENT ON DATABASE postgres IS 'default administrative connection database';


--
-- PostgreSQL database dump complete
--

--
-- PostgreSQL database cluster dump complete
--

